<?xml version="1.0" encoding="utf-8"?>
<extension type="plugin" version="1.2" group="system" method="upgrade">
    <name>JoomShopping Payment Acceptance (system 3)</name>
    <author>Pavel Dorofeev</author>
    <creationDate>28.08.2024</creationDate>
    <copyright>2024</copyright>
    <license>GPL2</license>
    <authorEmail>p@kkmspb.ru</authorEmail>
    <authorUrl>http://www.kkmsbp.ru</authorUrl>
	<version>3.9.0</version>
    <description>JoomShopping Payment Acceptance (system 3)</description> 
	<namespace path="src">Joomla\Plugin\System\PaymentAcceptance</namespace>
    <files>
		<folder>forms</folder>
		<folder plugin="paymentacceptance">services</folder>
		<folder>src</folder>
    </files>
    <languages folder="language">
        <language tag="en-GB">en-GB/en-GB.payment_acceptance.ini</language> 
        <language tag="ru-RU">ru-RU/ru-RU.payment_acceptance.ini</language>     
    </languages>
	<config>
		<fields name="params">
			<fieldset name="basic">
				<field name="BIT_KKT_TOKEN" 
					type="text" 
					default="" 
					label="BIT_KKT_TOKEN_LBL" 
					description="BIT_KKT_TOKEN_DESC" />
					
				<field name="BIT_BNK_TRM_TOKEN" 
					type="text" 
					default="" 
					label="BIT_BNK_TRM_TOKEN_LBL" 
					description="BIT_BNK_TRM_TOKEN_DESC" />
					
				<field
					name="BIT_PROG_URL"
					type="text"
					label="BIT_PROG_URL_LBL"
					description="BIT_PROG_URL_DESC"
					default="http://localhost:44735"
				/>

			</fieldset>
		</fields>
	</config>
</extension>