<?xml version="1.0" encoding="utf-8"?>
<extension
	type="module" version="3.5" client="administrator" 	method="upgrade">
	<name>Payment Acceptance Module</name>
	<author>Pavel Dorofeev</author>
	<creationDate>August 2024</creationDate>
	<license>GNU General Public License version 2 or later</license>
	<authorEmail>p@kkmspb.ru</authorEmail>
	<authorUrl>https://kkmspb.ru</authorUrl>
	<version>1.3</version>
	<description>Payment Acceptance Module by Pavel Dorofeev</description>
	<files>
		<filename module="mod_admin_payment_acceptance">mod_admin_payment_acceptance.php</filename>
		<filename>mod_admin_payment_acceptance.xml</filename>
		<folder>tmpl</folder>
	</files>
	<languages folder="language">
		<language tag="ru-RU">ru-RU/mod_admin_payment_acceptance.ini</language>
		<language tag="en-GB">en-GB/mod_admin_payment_acceptance.ini</language>
	</languages>
	
	<media folder="media" destination="mod_admin_payment_acceptance">
		<folder>js</folder>
		<folder>css</folder>
	</media>	
	

	<config>
		<fields name="params">
			<fieldset name="basic">
				
				<field name="group_id" 
					type="text" 
					default="" 
					label="MOD_VK_CONTACT_US_ID" 
					description="MOD_VK_CONTACT_US_ID_DESC" />
				
			</fieldset>
			
			<fieldset name="advanced">
				<field
					name="layout"
					type="modulelayout"
					label="JFIELD_ALT_LAYOUT_LABEL"
					description="JFIELD_ALT_MODULE_LAYOUT_DESC" />
					
				<field
					name="moduleclass_sfx"
					type="text"
					label="COM_MODULES_FIELD_MODULECLASS_SFX_LABEL"
					description="COM_MODULES_FIELD_MODULECLASS_SFX_DESC" />

				<field
					name="cache"
					type="list"
					default="1"
					label="COM_MODULES_FIELD_CACHING_LABEL"
					description="COM_MODULES_FIELD_CACHING_DESC">
					<option
						value="1">JGLOBAL_USE_GLOBAL</option>
					<option
						value="0">COM_MODULES_FIELD_VALUE_NOCACHING</option>
				</field>

				<field
					name="cache_time"
					type="text"
					default="900"
					label="COM_MODULES_FIELD_CACHE_TIME_LABEL"
					description="COM_MODULES_FIELD_CACHE_TIME_DESC" />
					
				<field
					name="cachemode"
					type="hidden"
					default="static">
					<option
						value="static"></option>
				</field>
				
			</fieldset>
		</fields>
	</config>
</extension>